[{"contributor_id": 0, "email": "mskiles@gmail.com", "username": "chimney", "password": "brainstorm", "profile_picture": ""}, {"contributor_id": 1, "email": "kernser@hotmail.com", "username": "convenience", "password": "organisation", "profile_picture": ""}, {"contributor_id": 2, "email": "yterry@yahoo.com", "username": "crisis", "password": "treatment", "profile_picture": ""}, {"contributor_id": 3, "email": "casper.jesus@gmail.com", "username": "timetable", "password": "performance", "profile_picture": ""}, {"contributor_id": 4, "email": "kaycee89@skiles.com", "username": "borrow", "password": "admiration", "profile_picture": ""}, {"contributor_id": 5, "email": "tillman.antwon@yahoo.com", "username": "confine", "password": "pneumonia", "profile_picture": ""}, {"contributor_id": 6, "email": "zdonnelly@stanton.info", "username": "prescription", "password": "residence", "profile_picture": ""}, {"contributor_id": 7, "email": "jaskolski.ernestine@ryan.com", "username": "stretch", "password": "corruption", "profile_picture": ""}, {"contributor_id": 8, "email": "murray.meaghan@lind.net", "username": "encourage", "password": "connection", "profile_picture": ""}, {"contributor_id": 9, "email": "gene.zboncak@hotmail.com", "username": "captain", "password": "simplicity", "profile_picture": ""}, {"contributor_id": 10, "email": "proberts@schoen.com", "username": "review", "password": "reservoir", "profile_picture": ""}, {"contributor_id": 11, "email": "gregoria75@gmail.com", "username": "ceiling", "password": "hostility", "profile_picture": ""}, {"contributor_id": 12, "email": "msanford@gmail.com", "username": "fragment", "password": "undertake", "profile_picture": ""}, {"contributor_id": 13, "email": "jaylan.conn@yahoo.com", "username": "straight", "password": "hierarchy", "profile_picture": ""}, {"contributor_id": 14, "email": "rice.hayden@kirlin.net", "username": "health", "password": "revolution", "profile_picture": ""}, {"contributor_id": 15, "email": "rosina.smith@schulist.com", "username": "please", "password": "motivation", "profile_picture": ""}, {"contributor_id": 16, "email": "pearlie02@gutmann.com", "username": "affect", "password": "policeman", "profile_picture": ""}, {"contributor_id": 17, "email": "ozella75@dietrich.com", "username": "kitchen", "password": "conception", "profile_picture": ""}, {"contributor_id": 18, "email": "ritchie.catalina@goldner.com", "username": "illustrate", "password": "confusion", "profile_picture": ""}, {"contributor_id": 19, "email": "erobel@stamm.com", "username": "letter", "password": "qualified", "profile_picture": ""}]