[{"category_id": 1, "name": "Additive"}, {"category_id": 2, "name": "Bakery"}, {"category_id": 3, "name": "Beverage"}, {"category_id": 20, "name": "Beverage Alcoholic"}, {"category_id": 4, "name": "Cereal"}, {"category_id": 5, "name": "Dairy"}, {"category_id": 6, "name": "Essential Oil"}, {"category_id": 7, "name": "Fish"}, {"category_id": 8, "name": "Flower"}, {"category_id": 9, "name": "Fruit"}, {"category_id": 10, "name": "Fungus"}, {"category_id": 11, "name": "Herb"}, {"category_id": 12, "name": "Legume"}, {"category_id": 13, "name": "Maize"}, {"category_id": 14, "name": "Meat"}, {"category_id": 15, "name": "Nuts & Seed"}, {"category_id": 16, "name": "Plant"}, {"category_id": 17, "name": "Seafood"}, {"category_id": 18, "name": "Spice"}, {"category_id": 19, "name": "Vegetable"}]